state,impression,clicks,spend,attributed_revenue,ctr,cpc,cpm,roas
CA,440347958,10689704,3446476.36,9740326.38,0.024275584355043154,0.3224108319556837,7.826711348119843,2.8261695025814717
NY,209615758,5411723,1811827.7,5033268.27,0.02581734814040078,0.3347968290320846,8.643566291423568,2.778006026732012
