channel,spend,attributed_revenue,roas,impression,clicks
Facebook,2169972.91,5657380.19,2.607120192113366,218621950,2958578
Google,1641532.8599999999,5018955.38,3.057480908423606,251503825,10441064
TikTok,1446798.29,4097259.08,2.8319490756379038,179837941,2701785
