channel,impression,clicks,ctr
Facebook,218621950,2958578,0.013532849743587046
Google,251503825,10441064,0.04151453362588024
TikTok,179837941,2701785,0.01502344268943782
