channel,campaign,spend,attributed_revenue,roas
Google,Google - Non-Branded Search - C06,145416.38,232587.2,1.5994566774389516
Facebook,Facebook - Prospecting - C03,184206.07,436892.36,2.3717587590897518
TikTok,TikTok - Spark Ads - C05,160168.0,381257.4,2.3803593726587087
Facebook,Facebook - Prospecting - C02,230907.57,551654.83,2.3890720862897648
Facebook,Facebook - ASC - C05,197869.77,474699.69,2.399051103157395
