channel,campaign,spend,attributed_revenue,roas
Google,Google - Display - C01,148158.63,480235.27,3.241358738265871
Google,Google - Non-Branded Search - C10,189084.43,612388.08,3.2387017799403153
Google,Google - Display - C09,156435.02,505832.97000000003,3.2335021275926583
Google,Google - Display - C08,178289.71,570905.93,3.202124957183452
Google,Google - Display - C07,144200.02,461374.24,3.199543522948194
